[
  {
    "id": 1,
    "rollno": "1",
    "fullName": "Nikita vywahare",
    "address": "pimpri-chinchwad,pune",
    "phoneNumber": "333-962-7516",
    "email": "nikitavy123@email.com"
  },
  {
    "id": 2,
    "rollno": "2",
    "fullName": "Ankita patil",
    "address": "pimple guraw",
    "phoneNumber": "011-211-7516",
    "email": "ankita.patil@email.com"
  },
  {
    "id": 3,
    "rollno": "3",
    "fullName": "Kavita patil",
    "address": "New sangavi,Pune",
    "phoneNumber": "788-962-7516",
    "email": "Kavita.pa1@email.com"
  },
  {
    "id": 4,
    "rollno": "4",
    "fullName": "Amruta wagh",
    "address": "Pune",
    "phoneNumber": "011-962-111",
    "email": "amruta.wagh@email.com"
  },
  {
    "id": 5,
    "rollno": "5",
    "fullName": "Smita kale",
    "address": "Hinjewadi,Pune",
    "phoneNumber": "3231-962-7516",
    "email": "smita.kkkale12@email.com"
  }
]
